{
  "start_gas": {
    "mae": 16.048885714285714,
    "r2": 0.19255333231552996
  },
  "total_gas": {
    "mae": 3829.1773875369067,
    "r2": -0.32532712674859376
  },
  "deviation": {
    "mae": 1230.862900051837,
    "r2": -0.13940833489307836
  }
}